TeamId,TeamName,SubmissionDate,Score
9093557,Kelvin,"2022-10-08 03:28:24",0.43
9092484,[Rist]Takoi,"2022-10-07 07:40:46",0.43
9093785,"I want 4090, 1060 isn't enough","2022-10-08 05:56:24",0.43
9090383,MysteryNet,"2022-10-08 03:42:17",0.43
9094507,啥都不会鸭,"2022-09-19 07:42:48",0.43
9102712,YumeNeko,"2022-10-07 17:25:04",0.43
9092414,hx,"2022-10-08 09:56:19",0.43
9090747,"Yevhenii Maslov","2022-10-07 19:28:11",0.43
9090487,"Now You See Me","2022-10-08 05:30:13",0.43
9099634,kambehmw,"2022-10-07 04:46:16",0.43
9097413,"Team up for the gold medal","2022-10-08 06:42:44",0.43
9104214,"Deberta-v3-base all you need!","2022-10-08 09:52:22",0.43
9092168,pjmathematician,"2022-09-22 12:34:26",0.43
9105652,william.wu,"2022-10-08 08:45:30",0.43
9114018,"Mengfei Li","2022-10-07 08:08:28",0.43
9090907,mihtw,"2022-09-30 21:58:57",0.43
9130506,HO,"2022-10-07 06:12:52",0.43
9099775,IC2,"2022-10-07 15:19:34",0.43
9124611,"Dimitris Leventis","2022-10-06 10:04:08",0.43
9093736,spongebob,"2022-09-17 09:10:06",0.43
9133757,ChalChen,"2022-10-02 12:24:45",0.43
9090416,"Only for gold medal .","2022-10-02 14:40:46",0.43
9091346,打铁校尉,"2022-10-04 23:17:03",0.43
9093158,colum2131,"2022-09-29 12:10:38",0.43
9135114,"GB4 GB4","2022-10-07 16:13:58",0.43
9126139,omomo,"2022-10-07 09:49:18",0.43
9115130,"Steve Roberts","2022-09-29 12:27:51",0.43
9103970,"Only for gold medal","2022-10-08 05:15:38",0.43
9091562,ChenSN,"2022-10-01 14:30:53",0.43
9128287,"META IOC","2022-10-07 11:32:08",0.43
9091934,Ria~,"2022-10-07 18:45:30",0.43
9129803,XL,"2022-10-08 10:34:17",0.43
9093472,"shuhei akahane","2022-10-08 02:58:16",0.43
9101040,huiqin,"2022-10-07 07:45:21",0.43
9091185,"I'm poor at English.","2022-10-07 16:03:09",0.43
9169427,"Ali Salhi 🇵🇸","2022-10-02 09:32:09",0.43
9107101,Vibhatsu,"2022-10-08 01:46:26",0.43
9092189,"Jash Dalvi","2022-10-05 19:15:37",0.43
9142006,"Harijs Ceriņš","2022-10-07 10:02:26",0.43
9100409,Hook,"2022-10-02 20:25:10",0.43
9103607,kuinfoB3,"2022-10-03 18:05:16",0.43
9106981,Node,"2022-09-29 06:25:27",0.43
9092068,RICEDYS,"2022-09-29 10:04:45",0.43
9092076,babyTiger,"2022-09-29 10:43:54",0.43
9211661,sunever,"2022-09-29 11:14:38",0.43
9205679,"Chips Warriors","2022-10-08 07:58:50",0.43
9090543,"Kabir Ivan","2022-09-29 15:59:54",0.43
9186127,Kiril,"2022-09-29 17:27:57",0.43
9122757,Kellen,"2022-10-04 11:58:02",0.43
9179800,jsheng1996,"2022-09-30 08:30:19",0.43
9221970,"Mercury Sun","2022-09-30 09:32:53",0.43
9094320,thirota,"2022-09-30 14:40:20",0.43
9093305,"Alexander #2","2022-10-05 10:26:31",0.43
9092074,"Lan YiU","2022-10-01 15:28:26",0.43
9217372,ARES,"2022-10-02 05:32:03",0.43
9165975,Utricul,"2022-10-06 06:06:34",0.43
9108136,"Mayank Bhaskar","2022-10-01 15:27:25",0.43
9151118,"Joshua Qiu","2022-10-08 03:34:25",0.43
9125173,Abyszero,"2022-10-01 17:31:17",0.43
9142271,"upc-Zhenhao Zhang","2022-10-02 01:26:50",0.43
9109050,"Jianrui Wang (Jerry Wang)","2022-10-02 02:11:27",0.43
9120991,BrianHur,"2022-10-02 04:48:52",0.43
9093320,"C. Beaud","2022-10-02 11:25:20",0.43
9106056,yucca,"2022-10-02 11:41:56",0.43
9160304,"Abdullah Habib Biswas","2022-10-02 16:52:08",0.43
9117989,"Bach Ngo","2022-10-05 05:29:16",0.43
9227672,Chinartist,"2022-10-08 10:33:05",0.43
9136492,Tkikuchi,"2022-10-08 01:59:08",0.43
9111039,"Siti Khotijah","2022-10-06 16:31:35",0.43
9118421,"Hải Dương Nguyễn","2022-10-03 04:13:10",0.43
9107512,alice777,"2022-10-03 10:54:49",0.43
9106106,liutao,"2022-10-03 11:31:56",0.43
9235921,DavidG,"2022-10-07 12:57:19",0.43
9095255,"Aishik Rakshit","2022-10-03 16:09:20",0.43
9235868,kimeler,"2022-10-03 21:04:38",0.43
9094828,"mi umiuntotos","2022-10-05 12:31:15",0.43
9098876,endthis!,"2022-10-06 09:11:05",0.43
9092801,Ouranos,"2022-10-06 17:14:17",0.43
9094625,"Mathurin Aché","2022-10-04 11:50:03",0.43
9228832,"pearl Black1376","2022-10-05 05:36:52",0.43
9096179,SgangX,"2022-10-06 14:25:44",0.43
9234120,Kiki,"2022-10-05 09:29:32",0.43
9140598,big-ikun,"2022-10-06 09:13:45",0.43
9222056,mywind,"2022-10-06 11:06:01",0.43
9119859,yukiya,"2022-10-05 06:52:59",0.43
9093041,yeyeyeyeyey,"2022-10-05 14:08:54",0.43
9160955,"Alpha Master S.S.","2022-10-06 07:41:18",0.43
9108977,"travis liu","2022-10-06 09:40:28",0.43
9128656,takai380,"2022-10-06 13:32:21",0.43
9247780,lcjia_you,"2022-10-07 09:54:14",0.43
9255422,NTT,"2022-10-08 12:26:36",0.43
9141836,binsiliao,"2022-10-08 10:33:05",0.43
9117346,黄inalls,"2022-10-07 13:34:40",0.43
9091227,Dhkim_active,"2022-10-08 07:34:47",0.43
9210077,"Sawradip Saha","2022-10-05 18:29:26",0.43
9093546,"Dmitriy Stanishevski","2022-10-02 12:11:46",0.43
9109904,"মো ফা","2022-09-26 20:14:33",0.43
9094568,YeonwooSung,"2022-10-08 04:24:29",0.43
9101712,中华有为,"2022-09-29 03:44:40",0.43
9196912,huruixue,"2022-10-06 13:29:20",0.43
9093511,CPMP,"2022-09-28 12:25:42",0.43
9100707,"Marek Nurzynski","2022-09-30 20:13:45",0.43
9099935,"Todor Mishinev","2022-10-03 17:37:00",0.43
9121754,seniorpine,"2022-10-03 02:06:14",0.43
9093427,weichy7,"2022-10-07 10:48:01",0.43
9123746,"Ahmed Khaled","2022-10-08 10:08:09",0.43
9168858,"Masaya Eki","2022-10-05 00:41:37",0.43
9106276,AdvancedUnO,"2022-10-02 15:44:56",0.43
9155919,@dzis_science,"2022-10-03 14:11:31",0.43
9099545,cjz,"2022-09-20 17:37:47",0.43
9093445,jon.bill,"2022-09-20 19:32:51",0.43
9129003,"I love KFC","2022-09-21 00:38:58",0.43
9099707,Ƶard,"2022-10-02 14:48:29",0.43
9113885,"Maria Nicula","2022-09-22 13:00:50",0.43
9177984,Pumpkin,"2022-09-21 07:51:35",0.43
9175218,jack,"2022-09-21 08:27:15",0.43
9119098,shichuanqi,"2022-10-04 13:52:13",0.43
9093401,Toru59er,"2022-10-01 23:50:45",0.43
9168804,Starfalllover,"2022-09-21 11:28:03",0.43
9099079,"Dom De Jonge","2022-10-03 03:23:39",0.43
9093367,Nusudojunior,"2022-09-21 15:01:45",0.43
9112619,OOLONG,"2022-09-21 15:04:23",0.43
9180611,kitten,"2022-10-07 15:34:59",0.43
9174017,"Takaaki A.Sakai(C)","2022-09-22 04:50:46",0.43
9141122,"K P A C U B O","2022-09-22 08:43:32",0.43
9184119,wentixiaogege,"2022-09-22 09:47:51",0.43
9099474,TianZijing,"2022-09-22 11:13:30",0.43
9166933,"kunxu zhang","2022-09-22 13:01:55",0.43
9185946,chenglq,"2022-09-22 16:43:53",0.43
9135608,WDNMD,"2022-09-22 17:31:53",0.43
9170086,wizhack,"2022-09-29 00:57:17",0.43
9110528,"dragon zhang","2022-09-23 02:27:45",0.43
9193491,"Team (?)","2022-10-06 11:06:55",0.43
9091714,BIZEN,"2022-10-01 01:22:51",0.43
9188260,OuYangmolin,"2022-09-23 08:58:09",0.43
9137641,LongShan,"2022-09-26 02:13:09",0.43
9133938,AbhilashVJ,"2022-10-01 07:53:37",0.43
9092036,"Kruesna Ly","2022-10-07 12:45:20",0.43
9113502,zhou-hua-2022,"2022-09-24 04:04:04",0.43
9132055,Duck,"2022-09-24 04:54:33",0.43
9105132,maxsarmento,"2022-09-27 12:15:56",0.43
9129604,yiiino,"2022-09-27 22:57:49",0.43
9094478,RicardoWu426,"2022-10-08 08:22:03",0.43
9091286,furu-nag,"2022-10-02 11:21:05",0.43
9196444,"Mahmoud Reda","2022-09-25 09:08:18",0.43
9195445,genethes,"2022-09-25 10:30:54",0.43
9096287,Cabbage972,"2022-09-29 20:37:38",0.43
9192342,WangYe,"2022-09-26 10:27:58",0.43
9101476,"Dev Khant","2022-09-26 11:48:01",0.43
9171349,肾炎笑傲对,"2022-09-27 01:58:09",0.43
9094471,"Yusuke Nakayama","2022-10-07 18:50:19",0.43
9142599,"Fares Sayah","2022-09-28 05:33:14",0.43
9203395,cold_star,"2022-09-26 18:02:44",0.43
9198135,"Mario Paonessa","2022-09-26 18:20:35",0.43
9093407,"Ryan Li","2022-09-26 22:09:05",0.43
9199435,Gaulee,"2022-09-27 15:17:07",0.43
9209607,"Rob Wishart","2022-10-04 18:01:29",0.43
9200512,Girish,"2022-10-04 10:32:54",0.43
9094487,vincentgj2,"2022-09-28 15:24:03",0.43
9213907,"xuefeng zhao","2022-09-29 00:29:16",0.43
9214997,JRPC,"2022-09-29 00:46:31",0.43
9213398,"Deepak Kumar","2022-09-30 09:23:00",0.43
9222667,Observe_r,"2022-10-05 04:54:27",0.43
9093007,alekos2,"2022-10-05 12:06:30",0.43
9155308,DanialLiu,"2022-10-08 05:07:11",0.43
9134781,huehue,"2022-09-24 12:28:59",0.43
9098963,"Vladimir Slaykovskiy","2022-10-03 12:03:05",0.43
9243925,zotown,"2022-10-08 00:48:22",0.43
9090421,"Ioannis M","2022-09-22 06:46:44",0.43
9098717,*Ahmed,"2022-10-07 10:07:10",0.43
9090284,Team,"2022-10-08 12:18:51",0.43
9163348,Olivier,"2022-10-06 09:29:17",0.43
9091344,zzy,"2022-09-10 02:43:43",0.43
9123003,Kyusuke,"2022-09-30 07:35:41",0.43
9097603,"Roman Weilguny","2022-09-20 21:59:32",0.43
9158470,DIKW,"2022-10-07 09:26:46",0.43
9096931,esprit,"2022-10-02 16:07:23",0.43
9192635,Superbox,"2022-10-03 07:47:38",0.43
9111830,"Michael McCarron","2022-10-07 14:34:41",0.43
9092703,"Saumil Agrawal","2022-09-26 07:22:46",0.43
9090297,"deberta pico is all you need !","2022-09-22 17:32:55",0.43
9153937,"Guillermo Perez G","2022-10-08 03:34:49",0.43
9092336,Apa,"2022-10-08 06:35:04",0.43
9108215,"Paulo Pinto","2022-09-18 21:00:21",0.43
9117530,"Ahmed Hamdi Abdelnaeem","2022-09-13 14:02:13",0.43
9106213,kingofking,"2022-09-13 02:55:50",0.43
9090428,"Trust Your CV and get gold :D","2022-10-07 10:52:41",0.43
9145591,niubility,"2022-09-13 07:21:09",0.43
9146370,luyumuzi,"2022-09-13 10:13:00",0.43
9118573,Omu_com,"2022-09-13 11:25:49",0.43
9147149,"Chika Sasaki","2022-09-26 14:19:32",0.43
9097585,oneegin,"2022-09-18 17:15:59",0.43
9151731,hogefugabar,"2022-09-19 10:50:21",0.43
9152823,s6820w,"2022-09-14 15:42:08",0.43
9151370,ycx,"2022-09-15 01:54:58",0.43
9093361,"Yongdam Kim","2022-10-07 04:02:33",0.43
9093822,clora,"2022-10-06 23:44:10",0.43
9113953,httmin,"2022-09-15 14:54:49",0.43
9090525,"Kamal Das","2022-09-15 18:56:31",0.43
9101831,"alston lou","2022-09-17 14:27:50",0.43
9159571,NTThanh,"2022-09-16 09:50:11",0.43
9160679,Aruna,"2022-09-19 11:15:49",0.43
9090591,onthehilluu,"2022-09-16 22:05:24",0.43
9091585,"Mohamedaziz Chabchoub","2022-09-16 23:00:12",0.43
9106705,"Akira Hirohashi","2022-09-17 01:02:32",0.43
9133523,"Vinayak Tiwari","2022-10-01 05:50:08",0.43
9164249,Robson,"2022-09-17 19:55:17",0.43
9155785,"Pierre Tisseur","2022-09-18 02:14:12",0.43
9091211,kglctf,"2022-09-26 23:54:20",0.43
9121369,wushuoxixi,"2022-09-18 13:27:49",0.43
9107698,"Kento Inomata","2022-09-18 15:07:16",0.43
9163683,BetaWsdcat,"2022-09-21 12:54:18",0.43
9094028,"[Deleted] 3274331b-f1ef-4ec6-90a8-4818c13e2850","2022-09-19 02:40:55",0.43
9162794,hiroki8383,"2022-10-06 14:36:26",0.43
9169917,XRailgunX,"2022-09-24 03:00:53",0.43
9119112,"JISU KIM8873","2022-09-19 14:22:30",0.43
9090339,wanan,"2022-09-20 08:43:33",0.43
9133238,digimagi,"2022-10-04 21:57:05",0.43
9098801,forrato,"2022-09-16 11:31:34",0.43
9099300,"Mohamed abdelrazik","2022-09-13 20:21:03",0.43
9109445,"Kanav Anand","2022-09-13 11:02:58",0.43
9253171,dangnguyen1997,"2022-10-08 02:35:32",0.43
9094543,"Jonver Oro","2022-09-13 08:22:16",0.43
9091110,Falcon,"2022-10-06 14:55:11",0.43
9090366,RB,"2022-10-07 21:18:06",0.43
9110329,Azzedine,"2022-09-16 17:59:00",0.43
9091804,mnc.ai,"2022-10-04 05:10:14",0.43
9117666,sparkingarthur,"2022-10-08 03:39:11",0.43
9165331,"Fu Ryo","2022-10-07 05:31:00",0.43
9096305,katwooo414,"2022-10-06 14:27:07",0.43
9090901,Y.Nakama,"2022-09-09 00:06:14",0.43
9122436,"Surbhi Sharma","2022-09-13 07:56:05",0.43
9134999,"Michael Kingston","2022-09-12 03:35:40",0.43
9095472,"Alexander Kirilin","2022-09-12 10:21:35",0.43
9093414,"Leo Lu","2022-09-19 00:58:31",0.43
9091673,"Yue Sun","2022-09-10 04:33:37",0.43
9161077,hanx,"2022-10-01 16:42:42",0.43
9108161,Sandiago,"2022-10-01 16:14:31",0.43
9102803,"Ranni The Witch","2022-10-05 08:37:02",0.43
9112803,Janet,"2022-09-22 01:26:09",0.43
9213953,"Martin Kovacevic Buvinic","2022-10-08 03:39:51",0.43
9198341,kkiller,"2022-10-04 00:17:17",0.43
9091204,gezi,"2022-09-26 07:42:13",0.43
9105081,"SeshuRajuP 🧘‍♂️","2022-09-08 23:43:35",0.43
9130759,northern_ray,"2022-09-09 09:57:26",0.43
9117847,Ke_Saber,"2022-10-04 10:51:21",0.43
9134970,sazuma,"2022-09-30 10:57:04",0.43
9090501,"Atharva Ingle","2022-09-30 18:26:38",0.43
9103062,"Rohit Singh","2022-10-07 07:35:52",0.43
9091114,ktr,"2022-09-14 14:49:37",0.43
9129903,cy4ego,"2022-09-30 22:12:48",0.43
9092678,copasta,"2022-09-26 19:14:22",0.43
9104318,beifa,"2022-10-08 08:15:36",0.43
9102623,Hamish,"2022-09-22 21:30:06",0.43
9090955,"Mark Tenenholtz","2022-09-23 20:24:28",0.43
9160909,drehero,"2022-09-29 17:54:33",0.43
9096953,"Rishiraj + Sanskar","2022-09-04 17:01:37",0.43
9204782,yamayuki,"2022-10-07 01:39:33",0.43
9099670,954,"2022-09-10 09:26:17",0.43
9112268,"Bikram Saha","2022-09-13 04:11:40",0.43
9111575,"Michael Mellinger","2022-09-16 00:27:26",0.43
9097635,Silogram,"2022-09-10 15:37:14",0.43
9130536,tdoh86,"2022-10-08 08:38:30",0.43
9116019,TheStoneMX,"2022-09-11 00:07:03",0.43
9092809,"Arvind Devarkonda","2022-09-12 11:49:23",0.43
9136839,bucciaratti,"2022-09-11 06:44:21",0.43
9093368,289501,"2022-09-11 09:15:15",0.43
9091538,"Keisuke Chikami","2022-09-13 19:15:28",0.43
9090397,Faust,"2022-09-11 21:00:51",0.43
9127583,Miyazawa-san,"2022-09-28 13:16:14",0.43
9112052,"The My","2022-09-26 10:09:41",0.43
9162758,kzptij,"2022-10-04 15:25:58",0.43
9091269,"Novice competition","2022-10-08 07:42:55",0.43
9091046,JJ,"2022-09-22 03:33:10",0.43
9097849,"Neo Zhao","2022-09-12 11:44:52",0.43
9189222,tatuya44,"2022-10-06 13:43:20",0.43
9091853,shirahama,"2022-10-05 10:55:44",0.43
9090356,"Minh Tri Phan","2022-10-06 21:55:50",0.43
9095022,"Sergey Bryansky","2022-10-05 23:02:49",0.43
9096203,moritake04,"2022-10-04 16:08:26",0.43
9129600,ACLu,"2022-09-22 01:55:22",0.43
9093259,KouFu,"2022-10-05 07:16:57",0.43
9094353,"S. Tomizawa","2022-09-25 23:57:20",0.43
9101287,楼下保安,"2022-09-29 14:17:26",0.43
9094528,Ethan,"2022-09-30 03:23:17",0.43
9105606,"Yuichi Tateno","2022-09-17 23:42:12",0.43
9092408,"LOVE BEER？🍺","2022-10-02 11:52:40",0.43
9151556,"Gerwyn Ng","2022-10-08 09:30:24",0.44
9096787,Rai,"2022-09-08 03:05:47",0.44
9126293,"Andrey Nikitin","2022-10-07 14:28:51",0.44
9123331,"Sifan F.","2022-09-30 07:09:53",0.44
9097523,wagege,"2022-09-24 04:04:47",0.44
9193776,shigeria,"2022-10-03 00:09:43",0.44
9185155,Sugawarya,"2022-09-25 15:06:59",0.44
9095932,"Huchen Jiang","2022-10-08 01:55:09",0.44
9120940,SrinivasR,"2022-10-08 06:13:31",0.44
9091264,Tom,"2022-10-07 03:59:34",0.44
9121006,"Lawliet Xie","2022-09-30 09:37:16",0.44
9090574,ryuki999,"2022-09-12 02:49:57",0.44
9105893,"Masataka Aoki","2022-10-01 00:35:29",0.44
9104141,Dominic,"2022-09-08 02:33:00",0.44
9091903,MasterNoodleMaker,"2022-09-22 06:16:08",0.44
9091281,kaerururu,"2022-09-04 15:33:02",0.44
9139715,"Qihang Wang","2022-10-02 23:25:53",0.44
9094672,"Yosuke Yoshida","2022-09-20 17:04:53",0.44
9184254,kuzyou-getuka,"2022-09-26 03:16:23",0.44
9106660,__Taichicchi__,"2022-09-18 14:05:00",0.44
9100119,DJcheng_gosolo,"2022-09-17 08:01:35",0.44
9125489,4ui_iurz1,"2022-09-13 11:25:21",0.44
9090951,wanwan7123,"2022-09-22 09:07:17",0.44
9091868,Eva,"2022-10-07 17:13:19",0.44
9106175,"Vu Huynh","2022-09-10 12:03:51",0.44
9114129,DH,"2022-09-29 10:47:16",0.44
9093954,ln,"2022-10-06 15:13:59",0.44
9090587,"Abhishek Thakur","2022-09-10 13:11:13",0.44
9091675,"Last Chance","2022-09-04 02:21:16",0.44
9120855,tomosan,"2022-10-07 14:22:14",0.44
9090307,Yamadaikon,"2022-09-07 20:09:22",0.44
9137937,Naoism,"2022-09-27 14:03:34",0.44
9099878,致Great,"2022-09-07 15:36:30",0.44
9150444,SSS,"2022-10-06 07:51:59",0.44
9114349,kfsky,"2022-10-07 15:53:21",0.44
9186044,ktask,"2022-10-03 17:21:47",0.44
9093915,katsumi,"2022-09-08 15:56:12",0.44
9244364,Mozattt,"2022-10-07 12:04:49",0.44
9101754,FreddyBanana,"2022-09-12 12:36:53",0.44
9191953,Trypoxylus,"2022-10-08 09:44:46",0.44
9090325,moufuyu,"2022-10-04 05:47:34",0.44
9095004,"Hannes Öhler","2022-09-06 22:12:34",0.44
9090635,"Andrew Wang","2022-09-07 02:31:15",0.44
9094602,xin811,"2022-10-03 11:30:55",0.44
9096172,Originhhh,"2022-09-12 04:18:19",0.44
9095492,"Amhaeng Eosa","2022-09-07 20:31:59",0.44
9111900,Chinta,"2022-09-05 01:21:16",0.44
9110658,namnamna,"2022-10-04 04:12:27",0.44
9112296,"Min Hyeok","2022-09-05 05:04:22",0.44
9096540,"Keewon Shin","2022-09-05 05:07:17",0.44
9097593,Nasrullah,"2022-09-05 15:01:40",0.44
9115688,"Nikita Lazarionok","2022-09-05 19:13:19",0.44
9117354,Angle,"2022-09-06 06:54:15",0.44
9121668,rrrr,"2022-09-07 12:34:04",0.44
9127758,"sakdipat ontoum","2022-09-08 12:58:20",0.44
9103568,"Eric Thor","2022-09-24 18:52:45",0.44
9093599,"Himanshu Nayal","2022-10-08 11:37:05",0.44
9105294,jelly,"2022-09-28 22:44:14",0.44
9109608,mitaml,"2022-10-07 13:18:59",0.44
9166232,"Alex Emerick Jones","2022-10-03 06:52:57",0.44
9157547,"Shobhit Upadhyaya","2022-10-07 14:14:42",0.44
9110700,LAKMING97,"2022-09-27 08:40:05",0.44
9231957,kvnkho,"2022-10-02 21:47:37",0.44
9090740,outwrest,"2022-09-04 02:38:42",0.44
9091603,arvis,"2022-09-11 07:42:39",0.44
9160574,"Max Verstappen1","2022-10-08 02:09:36",0.44
9123159,Masaya,"2022-10-05 05:26:59",0.44
9101393,"Kadon Chan","2022-09-23 16:34:10",0.44
9093109,Darragh,"2022-09-03 14:46:55",0.44
9091820,Lindada,"2022-09-29 06:13:31",0.44
9090533,temporary,"2022-10-02 18:05:05",0.44
9126032,tide525,"2022-10-07 15:23:07",0.44
9090706,torch,"2022-09-08 06:58:46",0.44
9090545,"Nagaraju O","2022-09-24 20:06:02",0.44
9104169,Singularis,"2022-10-01 10:11:31",0.44
9095116,"2 pieces of cold pizza","2022-10-07 14:10:48",0.44
9098179,"John Doe","2022-10-07 04:53:30",0.44
9100837,AhmedAbbas,"2022-10-07 23:26:39",0.44
9092172,shu421,"2022-09-15 01:28:53",0.44
9198684,ed024956,"2022-10-01 09:57:17",0.44
9101289,"Takamichi Toda","2022-10-07 03:55:43",0.44
9126999,Phi,"2022-10-07 02:57:29",0.44
9101581,Muj!rush!,"2022-09-26 02:36:05",0.44
9187341,"Nagano Hikaru","2022-10-01 11:27:20",0.44
9094224,AithusLasp,"2022-09-24 15:50:30",0.44
9205664,ktm,"2022-10-04 14:10:49",0.44
9162076,"Yuri Barbashov","2022-09-21 07:41:15",0.44
9101621,chizhu,"2022-10-08 02:20:53",0.44
9107286,Himaeda,"2022-09-14 15:56:44",0.44
9091695,syuuuuu,"2022-10-01 16:55:03",0.44
9172942,"Masaki Gotou","2022-10-06 05:58:14",0.44
9109174,"within 6 months","2022-10-08 12:45:25",0.44
9091298,"Ryan Barretto","2022-10-01 23:50:05",0.44
9179861,Pardeep1987kumar,"2022-09-27 17:17:51",0.44
9172367,"Simon Veitner","2022-10-06 17:50:34",0.44
9097434,"Nikita Churkin","2022-09-17 08:25:31",0.44
9140548,Luogan,"2022-10-05 04:42:45",0.44
9135881,"Sayantan Dey","2022-09-15 23:17:53",0.44
9121617,GOSS,"2022-09-12 13:44:06",0.44
9162426,"Rami Khrais","2022-09-21 14:45:29",0.44
9165588,GaryHu,"2022-09-18 05:05:27",0.44
9134911,Pratibha,"2022-09-20 18:58:27",0.44
9185588,Xiaotong,"2022-09-22 14:45:13",0.44
9206866,BenHoang,"2022-09-29 08:33:29",0.44
9223521,"Takeshi Makino","2022-10-01 08:31:45",0.44
9223857,"Aitor Arnaiz","2022-10-01 13:01:00",0.44
9112860,"Jujutsu kaisen","2022-10-01 19:15:39",0.44
9229763,"public name","2022-10-02 08:35:19",0.44
9231272,DmitryBeresnev,"2022-10-02 20:28:14",0.44
9235718,Ralapqcigup,"2022-10-08 05:46:25",0.44
9217071,"Leander Meinken","2022-09-29 09:21:20",0.44
9109817,Rai.,"2022-10-06 12:20:30",0.44
9094377,"Sindhu V","2022-09-15 18:06:06",0.44
9090281,hyd,"2022-09-29 21:27:04",0.44
9135259,"salty fish paddling","2022-10-07 07:51:33",0.44
9094664,toxu,"2022-10-07 15:23:51",0.44
9114150,Fayzur,"2022-09-14 19:37:07",0.44
9207643,"Ertuğrul Demir","2022-10-05 18:08:42",0.44
9164113,takama,"2022-09-19 15:51:18",0.44
9092516,Lukan,"2022-09-10 17:38:09",0.44
9097677,JimmyLiao86204,"2022-10-04 06:25:36",0.44
9092118,"Kazuki Igeta","2022-09-05 14:35:24",0.44
9155292,"trust cv","2022-09-23 03:51:05",0.44
9090357,"Priyanshu Chaudhary","2022-09-13 16:56:24",0.44
9101884,Santhoshkumar,"2022-10-07 15:13:10",0.44
9101402,FGPC,"2022-09-18 08:45:11",0.44
9112451,skn27,"2022-10-06 00:30:43",0.44
9146600,"Alan Kabisov","2022-10-05 07:49:38",0.44
9092749,J.H.Lee,"2022-09-15 08:16:05",0.44
9091839,Satoshi.0,"2022-10-07 14:52:21",0.44
9091709,OrS,"2022-09-24 08:24:22",0.44
9157151,mungeunjo,"2022-10-08 10:47:06",0.44
9154679,Black99ylunar,"2022-09-27 07:06:55",0.44
9187185,"ZHENYI SHEN","2022-10-07 08:31:30",0.44
9150788,nevret,"2022-09-21 05:25:11",0.44
9100019,"Quang Phạm","2022-10-07 19:54:40",0.44
9094719,"Denis Titov","2022-09-25 16:23:34",0.44
9106012,NaohChen,"2022-09-10 17:35:01",0.44
9096591,"Manthan Bhagat","2022-09-15 06:10:03",0.44
9090299,"Nischay Dhankhar","2022-09-02 20:26:25",0.44
9102655,TonGuehoney,"2022-09-03 09:55:19",0.44
9104069,"Rob Mulla","2022-09-02 14:15:09",0.44
9105199,"Yuki Hayashida","2022-09-02 21:53:50",0.44
9106738,"Swayam Singh","2022-09-03 10:03:40",0.44
9100912,"Rshad Zhran","2022-09-03 17:24:27",0.44
9092510,"Akarsh Raj Singh","2022-09-03 21:15:16",0.44
9109798,"Egor Borisov","2022-09-05 06:44:04",0.44
9118169,HarshVardhan,"2022-09-06 13:10:54",0.44
9103222,"Dmitry Kozlov","2022-09-06 13:21:37",0.44
9096301,WangRongsheng,"2022-09-06 13:21:51",0.44
9091763,fuyu,"2022-09-20 15:10:01",0.44
9119705,"Ruslan Vdovychenko","2022-09-06 16:04:11",0.44
9120798,Directioner,"2022-09-07 01:35:48",0.44
9122634,"Ulysses Fatty","2022-10-08 08:29:47",0.44
9121616,lilakachan,"2022-09-07 11:02:27",0.44
9090529,"Hongbin Na","2022-09-17 11:35:20",0.44
9124885,"Istabrak Abbes","2022-09-07 19:41:08",0.44
9092970,"Hirotaka Nomoto","2022-09-11 12:52:36",0.44
9126300,"David Fuentes Jimenez","2022-09-08 06:45:50",0.44
9114854,"Rocker Ritesh","2022-09-30 01:44:16",0.44
9122854,WenliangCao,"2022-10-06 13:26:34",0.44
9132026,"Izzan Silmi A.","2022-09-09 15:55:41",0.44
9133612,SunProg,"2022-09-10 05:23:58",0.44
9139414,"Shogo Asa","2022-09-12 00:45:30",0.44
9096141,YoungPaik,"2022-09-26 13:47:48",0.44
9155101,玄学炼丹,"2022-09-16 09:58:47",0.44
9123312,"Hristo Stefanov","2022-09-18 14:39:23",0.44
9122447,"Satyam Singh15","2022-09-19 06:02:34",0.44
9091731,tksan666,"2022-10-04 02:07:54",0.44
9163139,Ashoka,"2022-09-18 17:04:57",0.44
9137948,"V.Prasanna Kumar","2022-09-16 02:19:41",0.44
9178738,HongYihuai,"2022-09-27 11:03:21",0.44
9173416,xtxxueyan,"2022-10-05 08:14:53",0.44
9097010,biubiubiu~,"2022-09-01 05:48:11",0.44
9097234,"ranmin wang","2022-09-01 06:42:12",0.44
9090338,HAO,"2022-09-01 06:53:26",0.44
9098967,"Prashant Kikani","2022-09-01 12:53:43",0.44
9098463,"Durgesh Rao","2022-09-01 13:23:27",0.44
9099056,ML_ypj,"2022-09-01 14:28:21",0.44
9096325,"Untitled Goose","2022-09-15 14:14:48",0.44
9100764,niu3321,"2022-09-01 20:22:43",0.44
9101468,soul,"2022-09-02 04:13:49",0.44
9091137,fj2lin,"2022-09-02 19:10:59",0.44
9101063,Li_Rox,"2022-09-14 04:05:32",0.44
9106565,"osman bayram","2022-09-24 20:23:15",0.44
9093024,-,"2022-10-03 07:12:17",0.44
9099023,Kinoshita_Shohei,"2022-09-25 05:31:10",0.44
9108910,chenmf,"2022-09-04 06:46:47",0.44
9113259,keimoriyama,"2022-09-05 09:27:10",0.44
9111897,zk,"2022-09-06 12:28:21",0.44
9094179,"Saurabh Kumar","2022-09-07 13:33:31",0.44
9120536,"Napoleón Pérez","2022-09-07 20:30:31",0.44
9093471,Mueki,"2022-09-07 10:13:12",0.44
9109047,w842442862,"2022-09-29 06:37:26",0.44
9121840,Peak,"2022-09-14 03:21:05",0.44
9121290,BuLaGuo,"2022-09-09 07:52:28",0.44
9091252,takaito,"2022-10-01 02:10:01",0.44
9137967,zhouhanemo,"2022-09-13 01:25:06",0.44
9092690,RaccoonAI,"2022-09-13 04:09:50",0.44
9144822,"Feng Qilong","2022-09-14 00:44:39",0.44
9144812,"luong long 2","2022-10-03 02:32:55",0.44
9104050,mh3891,"2022-09-14 15:59:32",0.44
9120939,tyuyoshi,"2022-09-27 03:31:31",0.44
9138351,"Gunjan Dhanuka","2022-09-16 05:25:20",0.44
9147928,"Varun Nagpal Spyz","2022-09-16 04:34:28",0.44
9140622,tophyaki,"2022-10-06 23:39:40",0.44
9101294,hikarinosenshi,"2022-09-16 01:31:08",0.44
9159910,ET,"2022-09-16 09:20:39",0.44
9118424,soramame0311,"2022-09-17 07:23:44",0.44
9107701,"Abhishek Shah","2022-09-17 21:18:05",0.44
9123161,wplfphobia,"2022-09-18 09:05:24",0.44
9123506,"Dao Operates Naturally","2022-09-19 10:25:35",0.44
9123217,Gewx6011,"2022-09-19 12:00:24",0.44
9102468,Jagger,"2022-09-20 06:12:54",0.44
9173087,"Xinke Li","2022-09-20 10:30:23",0.44
9160744,gwSuck,"2022-09-28 01:28:50",0.44
9146724,DQ9999,"2022-09-23 07:29:05",0.44
9190741,Elaine,"2022-09-27 23:37:26",0.44
9128091,OliHarvey,"2022-09-27 06:47:11",0.44
9185816,"Jim Ju","2022-10-07 15:37:59",0.44
9101233,Tsui21912184,"2022-09-25 07:37:33",0.44
9188873,TakatoYoshikawa,"2022-09-26 13:07:36",0.44
9092992,nkc109,"2022-09-25 10:52:33",0.44
9195889,"Gengwei Gu","2022-09-25 21:38:20",0.44
9132733,yomatsu1215,"2022-09-26 08:01:02",0.44
9169668,climbMK,"2022-09-30 01:13:01",0.44
9092577,Nistik,"2022-09-30 16:56:18",0.44
9188639,XuShengHua,"2022-09-29 02:33:41",0.44
9178183,insop,"2022-10-05 07:04:10",0.44
9207192,Vishwas,"2022-09-29 17:49:56",0.44
9114600,"Ruihan Li","2022-09-30 07:34:22",0.44
9096375,S.Taba,"2022-09-30 08:48:46",0.44
9169879,"Cao Zejun","2022-10-01 09:25:13",0.44
9202567,"Yuya Nakano","2022-09-30 14:50:02",0.44
9223333,ImGe,"2022-10-05 01:08:54",0.44
9225431,"Takashi Yamaguchi","2022-10-01 05:12:46",0.44
9216819,ryukiman07,"2022-10-01 08:26:41",0.44
9225812,balala,"2022-10-01 11:22:57",0.44
9209825,souhei,"2022-10-04 08:03:48",0.44
9187307,hakuoro,"2022-10-03 11:25:08",0.44
9227307,pegacorn123,"2022-10-01 14:52:33",0.44
9209598,"Miguel Laussman","2022-10-03 19:05:02",0.44
9233991,SA,"2022-10-03 22:07:59",0.44
9238699,Alex-Chen,"2022-10-05 05:37:26",0.44
9197419,HouJue,"2022-10-04 13:04:21",0.44
9232641,"Yuki Ishida","2022-10-06 07:13:38",0.44
9192982,"Zhengye Zhang","2022-10-06 07:34:52",0.44
9235182,AnHuiOpera,"2022-10-06 12:15:46",0.44
9257940,"Pengfei Duan","2022-10-07 08:11:47",0.44
9234219,DSI,"2022-10-08 02:03:25",0.44
9196197,"Tianyi Chen","2022-09-26 00:26:34",0.44
9238450,"Terry U","2022-10-08 12:13:12",0.44
9092210,"Hoyoung Jeong","2022-09-06 05:12:06",0.44
9156294,itachicom615,"2022-09-26 08:06:30",0.44
9145105,"Lee Chang Hwan","2022-09-23 06:18:05",0.44
9100078,"Divya Shakti","2022-10-02 00:53:58",0.44
9090547,"Gaetan L.","2022-09-11 17:50:35",0.44
9112055,"Bao Chien","2022-10-02 17:01:00",0.44
9147169,miiiii,"2022-09-28 05:37:35",0.44
9096548,"ZiYi Wang","2022-09-14 08:05:13",0.44
9233322,"map maf","2022-10-04 06:24:17",0.44
9115732,"Evgeniy Vorsin","2022-09-19 05:59:27",0.44
9107098,Cam,"2022-09-04 14:48:42",0.44
9217458,hukuda222,"2022-10-07 17:26:26",0.44
9108883,"Niu Yuanfang","2022-09-25 14:01:03",0.44
9154124,sinchir0,"2022-10-04 22:58:38",0.44
9094808,"Iwa Iwa","2022-09-08 16:27:32",0.44
9093114,beginner,"2022-09-27 15:58:46",0.44
9145312,pppan,"2022-09-21 14:08:41",0.44
9250840,飞鸿踏雪,"2022-10-07 10:01:25",0.44
9101453,"York G","2022-10-08 10:26:50",0.44
9100180,"Vladislav Kolesov","2022-09-07 18:21:53",0.44
9157450,"Rajat Ranjan","2022-09-26 08:09:56",0.44
9134030,id_jump_in_front_of_a_train_for_ya,"2022-09-18 04:27:32",0.44
9104087,"xavier fernando","2022-10-02 18:08:20",0.44
9094008,"Alexey Olkhovikov","2022-09-17 18:27:42",0.44
9167471,AP_on_my_wrist,"2022-10-06 02:52:01",0.44
9093818,"Argyris Anastopoulos","2022-10-03 18:31:16",0.44
9090958,ginjiroo-,"2022-09-29 20:51:57",0.44
9203278,kunishou,"2022-10-06 22:52:14",0.44
9107634,"Dylan Liu","2022-09-29 02:28:55",0.44
9109434,Virus_Proton,"2022-09-22 19:13:29",0.44
9204756,HeyupYYY,"2022-10-04 13:20:54",0.44
9095897,DarioAr,"2022-09-15 16:05:39",0.44
9097686,"Naoyuki Ito","2022-09-17 08:56:15",0.44
9095300,"Utkarsh Rai","2022-09-09 19:51:51",0.44
9138097,"Zaishan W","2022-09-11 14:42:38",0.44
9152334,enjoy202209,"2022-09-16 13:09:27",0.44
9153616,arelius,"2022-09-20 00:22:22",0.44
9092972,"Huu-Dac NGUYEN","2022-08-31 08:44:47",0.44
9094399,"Hussain Shahbaz Khawaja","2022-08-31 14:21:56",0.44
9092608,"zheng Ares","2022-09-01 02:07:20",0.44
9096477,AndrewJin,"2022-09-01 05:19:33",0.44
9104573,cyberia,"2022-09-02 17:57:49",0.44
9112312,Vinc,"2022-09-09 14:16:46",0.44
9250122,"Joe Jose 25","2022-10-08 03:04:50",0.44
9096455,MiniForest,"2022-09-14 06:00:53",0.44
9103887,Harry,"2022-09-19 15:01:14",0.44
9101648,"Bibhabasu Mohapatra","2022-09-09 02:55:22",0.44
9165059,"Richard Branch","2022-10-06 23:49:41",0.44
9092912,schulta,"2022-09-04 11:27:30",0.44
9096280,yskn67,"2022-09-25 15:08:10",0.44
9175839,TG,"2022-09-30 13:00:06",0.44
9094853,"Muhamed Tuo","2022-10-06 01:05:43",0.44
9171418,ppyy22,"2022-09-30 14:47:44",0.44
9228682,"Zhuoqi Luo","2022-10-03 22:15:11",0.44
9239029,Athenaplx,"2022-10-08 05:55:45",0.44
9238827,"Lakshmi S","2022-10-05 06:33:20",0.44
9258797,PuanLuan,"2022-10-08 10:13:40",0.44
9155507,wideflat,"2022-10-03 02:07:22",0.44
9104042,"Stephen Foster","2022-09-15 08:32:09",0.44
9113342,GzmCR632,"2022-09-06 03:15:40",0.44
9136545,"Ryuhei F.","2022-10-04 08:10:09",0.44
9186256,"Oleg Baryshnikov","2022-10-08 12:50:31",0.44
9109002,swimmy,"2022-09-23 04:14:39",0.44
9092585,Kuro,"2022-09-14 09:30:06",0.44
9152899,Ross,"2022-09-14 15:32:25",0.44
9098509,"Andrei Zakharov","2022-09-14 15:45:20",0.44
9153695,Gasstein26,"2022-09-14 22:38:32",0.44
9109164,"Md Boktiar Mahbub Murad","2022-09-14 23:04:26",0.44
9156119,growbigger,"2022-09-22 14:18:32",0.44
9142352,くまとある,"2022-09-17 00:28:33",0.44
9163844,Sen666,"2022-09-17 14:57:53",0.44
9176415,"Alex Eslava","2022-09-20 16:16:50",0.44
9120710,KTakuya,"2022-09-22 00:58:38",0.44
9140259,PavanKalyan,"2022-09-23 10:25:46",0.44
9197544,Suryadeepti,"2022-10-04 06:09:04",0.44
9110436,shoji,"2022-10-06 07:42:32",0.44
9101591,WXC,"2022-09-02 03:23:44",0.44
9091198,Buqi_,"2022-09-02 05:55:22",0.44
9225347,"DP MBA","2022-10-02 17:05:50",0.44
9093438,minghigh,"2022-09-24 13:41:30",0.44
9091242,"Ryan Tran","2022-09-01 14:44:06",0.44
9199630,pansj,"2022-09-30 10:54:13",0.44
9149218,Informhunter,"2022-10-07 01:34:53",0.44
9209484,parkera,"2022-09-29 02:01:28",0.44
9200153,Young,"2022-10-08 09:22:38",0.44
9092069,senkin13,"2022-09-04 19:06:15",0.44
9110474,"[Deleted] aaa81a29-e919-4a3d-a97f-d4168590566c","2022-09-19 14:58:22",0.44
9092468,"Debarshi Chanda","2022-09-19 21:47:51",0.44
9153425,hausheng,"2022-10-08 05:17:51",0.44
9110804,yzy_ucas,"2022-09-13 01:25:52",0.44
9121195,kawa-cpu,"2022-09-20 16:47:35",0.44
9111198,rc95401,"2022-09-04 18:27:59",0.44
9097081,Harris,"2022-09-05 11:56:13",0.44
9116679,"tensor choko","2022-09-06 03:47:40",0.44
9111262,marcociav,"2022-09-06 09:37:24",0.44
9119795,"Gabriel saloni duarte","2022-09-06 20:11:02",0.44
9108692,"Akira Sato111","2022-10-02 04:37:38",0.44
9128078,"Sapeksh Suman","2022-09-08 14:09:32",0.44
9112103,"Samuel Okite","2022-09-24 12:42:48",0.44
9215550,jiatao009,"2022-09-29 02:15:28",0.44
9215706,"YUET-FAN AIDEN TSOI","2022-09-29 02:49:07",0.44
9127786,"Ryo Yanagimoto","2022-10-08 11:56:27",0.44
9159356,ZCRM_DI,"2022-10-02 17:10:43",0.44
9192143,Newbie724,"2022-09-26 16:08:50",0.44
9090987,"Ravi Shah","2022-09-12 23:11:52",0.44
9109366,Splend1dChan（燦爛）,"2022-09-06 04:49:33",0.44
9101593,sijunhe,"2022-09-04 16:09:10",0.44
9245963,paooon37,"2022-10-08 00:46:14",0.44
9112229,"chen cheng","2022-09-20 07:43:11",0.44
9164458,"Siddharth Singh","2022-09-20 10:38:50",0.44
9115898,"Вадим Абронин","2022-09-05 20:44:02",0.44
9191503,huan,"2022-09-27 19:47:58",0.44
9141677,AlmaamoonAl-saedi,"2022-09-13 15:35:38",0.44
9144092,"Sedat GOLGİYAZ","2022-10-07 12:40:08",0.44
9091241,"Jinho Jang14","2022-09-05 14:03:20",0.44
9211001,"Jasheen Shaik","2022-10-04 10:54:38",0.44
9091551,LIA,"2022-09-30 09:52:39",0.44
9101362,"Zheng Guo","2022-09-26 10:48:56",0.44
9233674,"Do Van Dai","2022-10-05 05:05:41",0.44
9090291,"Darek Kłeczek","2022-09-08 22:42:05",0.44
9090956,PDominik,"2022-09-10 20:45:50",0.44
9090863,"Jacoby Jaeger","2022-09-17 22:39:16",0.44
9176342,"Osama Eldawebi","2022-09-26 06:35:03",0.44
9189365,"Siddharth Dhawan","2022-10-04 07:17:37",0.44
9092897,"Grandmaster of overfitting","2022-09-05 21:21:00",0.44
9231516,"David Rouyre","2022-10-05 21:51:44",0.44
9091108,"Faisal Alsrheed","2022-09-12 06:58:22",0.44
9136758,"HyeongChan Kim","2022-09-14 06:53:32",0.44
9091259,"Equipo puño","2022-10-06 15:57:49",0.44
9137333,ccwh,"2022-09-11 11:35:44",0.44
9128785,nabe189,"2022-09-12 13:29:56",0.44
9145901,Safari,"2022-09-13 08:58:02",0.44
9090489,Ataracsia,"2022-09-13 17:33:34",0.44
9150719,HoneyDed,"2022-10-05 13:33:15",0.44
9092951,Muttermal,"2022-09-27 02:28:36",0.44
9127669,"Radu Enucă","2022-09-17 19:25:34",0.44
9139580,海豚,"2022-09-17 08:24:23",0.44
9130866,"Pavel Veshkin","2022-09-19 10:40:27",0.44
9151315,Takeng,"2022-09-29 11:11:24",0.44
9130631,kuma-s,"2022-09-21 10:40:29",0.44
9161422,"Alex Mircea","2022-09-21 21:17:59",0.44
9138585,Convophile,"2022-09-22 16:22:55",0.44
9187920,"Ameya Chitnis","2022-09-23 05:12:32",0.44
9179776,satkon,"2022-09-25 06:33:28",0.44
9155768,rerost,"2022-09-24 15:45:59",0.44
9191972,wakkii1029,"2022-09-24 02:56:20",0.44
9184071,Matthias,"2022-09-24 12:09:16",0.44
9149535,"Hu Tianrun","2022-09-24 12:47:53",0.44
9143935,"Heads or Tails","2022-09-25 23:19:15",0.44
9191068,"Cédric MOYNIEZ","2022-09-24 18:18:55",0.44
9194986,Jason-Oh,"2022-09-24 19:31:14",0.44
9180888,"Kanta KOTSUZUMI","2022-09-25 11:22:10",0.44
9170846,T_MS,"2022-09-25 20:15:28",0.44
9200482,"Air plan","2022-09-26 15:34:06",0.44
9092791,"Rongchu Zhou","2022-09-27 00:50:22",0.44
9128598,Srikanth,"2022-09-27 03:11:38",0.44
9173224,H.S,"2022-09-28 13:09:55",0.44
9091768,Satya,"2022-09-30 07:30:25",0.44
9144349,"Tanimoto Rui","2022-10-02 08:50:04",0.44
9205247,Prathamesh,"2022-10-04 02:53:18",0.44
9243636,"faheem nxb","2022-10-05 06:50:38",0.44
9212239,"The Perceptronists","2022-10-05 07:27:09",0.44
9103307,"Don Woodlock","2022-10-06 13:02:31",0.44
9091218,shige_skywalker,"2022-10-07 02:27:42",0.44
9239590,jerife,"2022-10-07 06:52:50",0.44
9127575,naopon,"2022-10-07 14:12:20",0.44
9256956,JM100,"2022-10-07 22:05:43",0.44
9130547,Billy,"2022-10-08 01:46:06",0.44
9106322,"Eisuke Okuda","2022-09-24 02:18:46",0.44
9136664,B.S.Kishore,"2022-09-11 05:31:18",0.44
9118602,bluetriad,"2022-09-30 13:07:16",0.44
9179831,qijiaxiang,"2022-09-28 08:37:10",0.44
9105610,kwa,"2022-09-17 17:30:18",0.44
9200481,"B.SHRI RADHA KRISHNAN","2022-10-07 12:14:29",0.44
9230063,"Aman Singh","2022-10-06 08:47:40",0.44
9095278,Ranjeet,"2022-09-27 04:10:34",0.44
9173500,khoi,"2022-10-05 14:51:06",0.44
9234418,"Quang Huy Cấn","2022-10-05 02:46:07",0.44
9223246,"Andrey Bazhan","2022-10-08 12:03:07",0.44
9094203,"Fritz Cremer","2022-10-03 15:49:26",0.44
9103966,Jakil,"2022-09-09 18:30:28",0.44
9127561,"nlp enjoyers","2022-10-06 19:26:19",0.44
9165924,forsyyever,"2022-09-27 15:00:08",0.44
9153914,sunpnwt,"2022-10-07 14:54:34",0.44
9099599,Mobassir,"2022-09-12 12:43:22",0.44
9142052,"Mike Mazurov","2022-09-14 21:02:27",0.44
9127145,Noufal,"2022-09-12 11:35:37",0.44
9091135,"Matthew Jansen","2022-10-01 20:54:03",0.44
9239002,Monroe8702,"2022-10-08 05:53:06",0.44
9242320,U023,"2022-10-04 22:22:39",0.44
9201646,Eswar,"2022-10-07 16:02:34",0.44
9115907,RomirDesai,"2022-09-15 04:53:01",0.44
9143458,"Makoto Kinoshita","2022-09-29 13:49:56",0.44
9094748,"Ravi Teja Chilakala","2022-10-04 08:12:45",0.44
9114754,androli,"2022-09-05 19:57:59",0.44
9138939,"Jhonny Escalona","2022-10-05 12:28:08",0.44
9094820,etcnet,"2022-09-08 19:35:09",0.44
9093034,C^2,"2022-09-20 17:54:16",0.44
9090674,Luna_4444,"2022-08-31 06:12:31",0.44
9092565,"Mohamed Eltayeb","2022-09-01 08:06:09",0.44
9098986,"Mark Wijkhuizen","2022-09-30 21:12:55",0.45
9091035,dontlmind,"2022-09-21 02:17:34",0.45
9094699,"Harshit Kumar","2022-09-25 03:05:24",0.45
9105396,genesogenesis,"2022-10-07 19:39:38",0.45
9091155,currypurin,"2022-09-29 13:41:50",0.45
9092314,"sai kumar","2022-09-04 18:35:49",0.45
9191237,PIkachu,"2022-09-26 06:37:28",0.45
9143407,pranshu,"2022-09-24 17:36:08",0.45
9098560,riziko,"2022-09-13 09:44:06",0.45
9095312,"SEDYKH IVAN","2022-09-11 07:45:01",0.45
9176454,"Akarsh Upadhyay","2022-10-05 09:23:00",0.45
9091021,"isaac in","2022-09-15 05:56:15",0.45
9214514,bnsbb1999,"2022-10-07 21:07:53",0.45
9126707,"Raghavendran P M","2022-09-17 13:15:33",0.45
9095349,"Tanmay Mane","2022-09-20 04:40:18",0.45
9092648,"Daniel Balchev","2022-09-01 09:10:03",0.45
9106555,XinWei,"2022-09-14 08:12:19",0.45
9105287,omarsamir,"2022-09-05 01:35:49",0.45
9092064,CheckerBoy,"2022-09-08 07:38:33",0.45
9224843,"Fernando Núñez","2022-10-08 08:08:25",0.45
9119039,"Ryan Chan","2022-09-26 05:31:36",0.45
9139488,Giba,"2022-09-12 21:47:21",0.45
9121602,intellilink,"2022-10-04 13:17:20",0.45
9092887,"Plis Teach Us Inglis","2022-09-17 16:54:57",0.45
9163910,zxy111,"2022-09-21 03:58:24",0.45
9118094,democatXamer,"2022-10-04 10:21:50",0.45
9115725,GioPPP,"2022-09-21 07:26:45",0.45
9092514,"Zagarsuren Sukhbaatar","2022-10-04 08:54:04",0.45
9103622,"Oleg Kokorin","2022-10-01 16:48:09",0.45
9175247,"Jef J.","2022-10-07 20:58:46",0.45
9107228,Ez_Feedback,"2022-09-19 06:51:01",0.45
9127312,ZENGA,"2022-09-18 02:38:01",0.45
9099379,"Sagarika Jadon","2022-09-30 03:39:23",0.45
9099005,Roumaissaa,"2022-09-26 20:20:50",0.45
9122603,"Stratos Parellis","2022-10-02 08:58:36",0.45
9209529,crylr,"2022-10-07 23:22:43",0.45
9093903,"AHC Lab. M1","2022-10-08 08:22:27",0.45
9101290,"Roman Korinets","2022-09-12 02:08:37",0.46
9091957,Y(<.>)Y,"2022-09-09 17:54:59",0.46
9125392,"Sabbir Hossain","2022-09-07 23:38:23",0.46
9161482,"Venkata Nageswararao Padavala","2022-09-22 04:22:58",0.46
9106121,ChenTsungYu,"2022-09-09 02:55:44",0.46
9091933,"Ogre Magi","2022-09-02 04:14:53",0.46
9175406,An_Ideal_Ring,"2022-09-21 14:14:52",0.46
9150920,Nyambayar,"2022-10-08 11:20:49",0.46
9240981,"Viktor Bowallius","2022-10-08 10:23:38",0.46
9102486,"Egor Zhukov","2022-09-07 11:53:41",0.46
9167403,"dsh -;","2022-10-05 17:57:14",0.46
9120163,"Artem Nechaev","2022-10-05 19:24:33",0.46
9171373,"Francisco Javier Gallego","2022-10-08 10:21:10",0.46
9169701,Evdilos_Ikaria,"2022-09-26 17:45:48",0.46
9097944,LongMa666,"2022-09-14 07:53:27",0.46
9107996,"el científico","2022-09-20 00:11:12",0.46
9190310,Cli212,"2022-10-05 23:55:59",0.46
9226112,みしうす,"2022-10-03 04:07:10",0.46
9094622,"Jordan Samek","2022-08-31 18:55:59",0.46
9104783,doteeee,"2022-09-09 10:09:19",0.46
9190134,"Claudio Paonessa","2022-09-30 13:41:56",0.46
9132515,Vopaaz,"2022-09-25 22:05:40",0.46
9111866,"Tim Yee","2022-09-05 05:13:55",0.46
9132521,"Kunwar Raj Singh","2022-09-11 17:47:16",0.46
9161261,"Ildus Sadrtdinov","2022-09-18 16:15:48",0.46
9119381,"Y.C. Wang","2022-09-19 13:26:32",0.46
9121049,camryanwashere,"2022-09-19 21:09:45",0.46
9118456,"Alberto Martin","2022-09-23 14:58:20",0.46
9092884,"Shahid Mandal","2022-09-30 22:09:27",0.46
9161796,"Rayen Ghali","2022-10-04 10:38:51",0.46
9098838,Никита,"2022-10-02 14:49:56",0.46
9118671,"Sriram Ramanathan","2022-09-15 11:06:31",0.46
9185525,"Shota Hachisuka","2022-09-27 13:57:28",0.46
9099223,"Leonid Sanochkin","2022-09-01 13:51:37",0.46
9192189,"Yingxi Qu","2022-10-04 07:07:04",0.46
9092918,T.S.,"2022-09-18 23:43:06",0.46
9187240,rw-nue,"2022-09-24 05:04:30",0.46
9107911,maverick_ss_26,"2022-10-03 03:14:12",0.46
9183109,Jones,"2022-09-26 08:34:56",0.46
9161091,"Tom Chen","2022-09-16 14:19:48",0.46
9099751,SohamDatta,"2022-10-06 14:35:16",0.46
9091521,van73,"2022-08-31 00:53:24",0.46
9091923,"Hiroshi Sakiyama","2022-08-31 05:53:24",0.46
9092166,"Niranjan Nakkala","2022-08-31 05:37:25",0.46
9094099,"Louis Amaudruz","2022-09-15 16:23:08",0.46
9200702,Sher,"2022-09-26 08:07:52",0.46
9090967,SubCero,"2022-09-29 02:42:51",0.46
9195302,"Morris Alper","2022-09-26 22:02:36",0.46
9235509,Sandra12327,"2022-10-08 05:48:52",0.47
9223289,"Keith SZE","2022-10-04 15:47:51",0.47
9176350,"Little Genius","2022-09-29 18:44:00",0.47
9244350,"min fuka","2022-10-08 11:53:01",0.47
9151433,"Shrey Malvi","2022-09-15 12:37:39",0.47
9154033,"Prakhar Gupta","2022-09-20 17:05:20",0.47
9164106,OneHundredDays,"2022-10-08 05:10:47",0.47
9207190,VECTOR,"2022-10-07 09:41:34",0.47
9142135,wafers3,"2022-10-08 12:16:02",0.47
9130446,"Pankaj Prasad","2022-10-06 11:12:24",0.47
9198161,"Roman Shvaybovich","2022-10-01 18:39:08",0.47
9227552,"Danny McAteer","2022-10-07 20:40:43",0.47
9118957,Nakashimn,"2022-09-27 16:40:36",0.47
9092454,VK,"2022-09-05 16:51:03",0.47
9197636,"Yashasvi Shukla","2022-09-27 08:00:00",0.47
9140740,"SHAO MIN","2022-10-06 06:59:11",0.47
9130663,"Hans Young","2022-09-28 10:56:02",0.47
9155474,Igooba,"2022-10-01 06:28:13",0.47
9109615,cccache,"2022-09-04 08:43:20",0.47
9210980,KA,"2022-10-08 01:11:20",0.47
9120551,"Kuntal Pal","2022-09-10 09:32:04",0.47
9180567,"Quan Tran","2022-10-06 03:32:26",0.47
9147663,"Saranya Jena","2022-09-14 13:04:36",0.47
9195475,"Love and Peace","2022-10-03 05:15:34",0.47
9140530,alpha-beta-gamma,"2022-09-15 14:16:06",0.47
9131389,"Rajdeep Agrawal","2022-09-20 07:21:43",0.47
9095018,PierreSylvain,"2022-09-04 20:16:25",0.47
9092078,DLastStark,"2022-09-06 07:49:06",0.47
9137566,SMP,"2022-09-13 12:28:47",0.47
9091196,"Javier Vallejos","2022-09-02 01:51:21",0.47
9170662,Sharon200102,"2022-10-06 12:00:05",0.47
9168653,Litchy,"2022-10-04 08:05:45",0.47
9113855,radchenko-fg,"2022-10-06 11:56:19",0.47
9092523,wonduk,"2022-09-19 09:50:10",0.47
9179581,"Sokolov Aleksandr","2022-09-22 11:35:50",0.48
9091082,momijiro,"2022-08-31 00:19:33",0.48
9094104,higuchi,"2022-08-31 14:25:11",0.48
9097335,nana_palladi,"2022-09-02 15:06:10",0.48
9180211,"Yuuki Kano","2022-09-25 14:11:52",0.48
9097201,SatoshiZpy,"2022-10-02 09:13:28",0.48
9104700,Shivendra_512,"2022-10-03 09:10:17",0.48
9156332,"Rishab Dekate","2022-09-18 12:14:00",0.48
9142809,"Diego D.","2022-09-18 13:59:05",0.48
9094918,"Stanislav Chistyakov","2022-09-02 04:11:20",0.48
9095747,"boar - hog - dragon","2022-09-04 21:09:35",0.48
9111674,"Pear Tree Productions","2022-10-05 03:33:08",0.48
9099215,DG-AT,"2022-09-08 18:22:40",0.48
9230789,TimoKerr,"2022-10-08 07:23:32",0.48
9249902,"Zhuang Jia","2022-10-08 08:03:45",0.48
9111645,"Mayank Kumar","2022-10-02 17:22:31",0.48
9151906,Richard_V,"2022-10-08 12:10:28",0.48
9245733,yaswanth,"2022-10-07 03:51:27",0.48
9163896,wwbs4564,"2022-09-20 03:56:11",0.48
9096754,"tomogi saitou","2022-10-05 22:53:52",0.48
9195382,"Vikram Bajaj","2022-10-01 18:06:56",0.48
9091949,"PATIPAN RATTANAWIN","2022-08-31 16:34:51",0.48
9126769,"290-295 lbs of mostly protein","2022-09-30 20:55:21",0.48
9107552,"Oleg Panichev","2022-09-12 16:56:05",0.48
9098487,"Tin Vo Nguyen An","2022-09-01 18:34:22",0.48
9218227,ryokiti,"2022-09-30 01:49:01",0.48
9091927,tomo20180402,"2022-09-01 02:22:27",0.49
9098658,"Ilya Ivanitskiy","2022-09-02 13:56:09",0.49
9153942,"Hieu Khuong","2022-09-20 07:07:25",0.49
9109933,안뇽,"2022-09-18 09:56:01",0.49
9090521,"Burhanuddin Latsaheb","2022-09-10 21:03:08",0.49
9101756,Marcus,"2022-09-07 20:04:14",0.49
9131646,AnsonNht,"2022-09-20 17:03:18",0.49
9164361,"ThIs iS a nAmE","2022-09-27 23:20:24",0.49
9095972,Luba,"2022-10-07 20:02:31",0.49
9166280,duqianqianhh,"2022-09-22 15:41:50",0.49
9121225,"lonely star","2022-09-07 03:27:45",0.49
9235704,FelisRattus,"2022-10-07 21:43:38",0.49
9106245,"Junji Takeshima","2022-09-19 08:43:22",0.49
9197315,"Boris Polishchuk","2022-09-28 09:10:00",0.49
9232740,"Sangay Bhutia","2022-10-08 05:01:21",0.49
9148781,"Siyuan Yi","2022-09-29 08:35:23",0.49
9105256,"RS Turley","2022-09-10 06:41:08",0.49
9092090,"Pranav Kushare","2022-09-29 14:55:36",0.49
9185587,Arkaitz,"2022-09-26 08:35:12",0.49
9130744,Viji,"2022-10-08 09:59:04",0.49
9093152,AndrewNgo,"2022-09-07 13:40:04",0.49
9170990,"Maxime Carriere","2022-09-22 11:21:09",0.49
9113277,"Yunjia Liu","2022-09-16 14:18:12",0.49
9106425,psyche,"2022-09-05 22:43:52",0.49
9188558,"Shunto Nakamura","2022-10-03 08:58:29",0.49
9118266,"zjiang nju","2022-09-10 18:03:59",0.49
9143788,"Omar ElSayed","2022-09-16 20:39:34",0.49
9093149,"joonhan kim93","2022-09-18 12:29:40",0.49
9215348,fujino15rin,"2022-10-04 06:41:56",0.49
9128167,XG250_tricker,"2022-10-03 17:35:56",0.50
9115000,zeroooooo,"2022-09-29 12:49:59",0.50
9105669,DCTrue,"2022-09-29 13:04:16",0.50
9148871,"Dimas Munoz","2022-10-07 09:11:57",0.50
9100122,"Pavel Korobov","2022-10-08 06:49:07",0.50
9096861,"Rahul Prasad M.","2022-09-19 15:50:43",0.50
9164011,Gorodec,"2022-09-23 14:33:39",0.50
9128559,Naoya,"2022-09-13 01:56:56",0.50
9095437,"Stefan Mandl","2022-09-16 20:01:02",0.50
9106772,Barteksv12,"2022-10-04 15:37:22",0.50
9095010,"Cassie Brimmer","2022-09-12 02:25:18",0.50
9108143,"Jeremy Fisher","2022-09-04 04:18:15",0.50
9186061,Illidan7,"2022-09-30 04:20:35",0.50
9215671,gi96598,"2022-10-08 05:41:30",0.50
9120697,JNick,"2022-09-13 01:43:49",0.50
9127088,"thomas kern","2022-10-08 03:25:24",0.50
9090983,"Andrea D'Agostino","2022-09-13 21:55:38",0.50
9164697,"Xiang Li","2022-10-01 07:12:10",0.50
9113734,Alek,"2022-09-19 14:25:55",0.50
9198606,Buckethead,"2022-09-26 18:23:00",0.50
9125798,"Marc Goff","2022-10-08 01:23:14",0.50
9169253,"Anmol Bhatia","2022-10-06 18:47:04",0.50
9096558,"Olzhas Alimseitov","2022-10-02 05:54:35",0.50
9228533,OrionWolfe,"2022-10-04 04:28:55",0.50
9150808,Devanshu12122,"2022-09-14 16:56:49",0.51
9114126,hadeer,"2022-09-14 20:53:20",0.51
9096917,Hachihaccchi,"2022-09-15 06:59:09",0.51
9157381,infoxin,"2022-09-19 08:48:20",0.51
9189768,"Miyamoto Daiya","2022-09-24 04:29:55",0.51
9186762,@kaggleqrdl,"2022-09-28 15:19:23",0.51
9230249,"Ravikanth Reddy","2022-10-02 12:53:03",0.51
9132389,Pybeast,"2022-10-07 01:25:41",0.51
9107434,bbtatsu,"2022-09-04 19:29:09",0.51
9196666,kurasher_,"2022-09-25 12:02:00",0.51
9135640,"Ishaan Jain","2022-10-03 12:29:29",0.51
9154055,"Kevin Bullaughey","2022-09-22 20:31:02",0.51
9192890,ozlem,"2022-10-08 06:20:20",0.51
9105670,"Takahiko Yamamoto","2022-09-17 17:10:55",0.51
9094093,"yousuke hashizume","2022-09-15 06:13:22",0.51
9094884,"Arnav Gupta","2022-09-11 16:04:41",0.51
9141824,nomofu,"2022-09-12 12:36:32",0.51
9142288,强哥小迷弟,"2022-09-12 14:58:51",0.51
9142787,"KIM TAE HEON","2022-09-12 15:20:22",0.51
9143332,"MOHAMED FARHUN M","2022-09-12 18:01:26",0.51
9143699,Prafulla,"2022-09-12 20:58:55",0.51
9147291,"Ayman Khalafallah","2022-09-13 15:26:41",0.51
9109025,song_9606,"2022-09-24 15:43:19",0.51
9095955,Atsushi,"2022-09-19 14:57:09",0.51
9128699,Teitlax,"2022-09-09 07:05:29",0.51
9135182,"Federico Matorra","2022-10-03 20:23:44",0.51
9134218,citrus,"2022-10-07 11:18:10",0.51
9108897,"[Deleted] d55f78bd-06a3-4548-84bc-876bb1b7e5c8","2022-09-13 06:59:48",0.51
9101996,R0018,"2022-10-02 05:58:44",0.51
9110622,"Sibaram Moharana","2022-09-21 09:34:52",0.51
9166137,caffe-out,"2022-10-08 07:08:23",0.51
9098612,saan,"2022-09-14 05:02:06",0.51
9106251,"Proletarian Boosters","2022-10-06 18:12:17",0.51
9180908,"Patryk Pjanka","2022-10-05 18:58:44",0.51
9129911,HoDraogn,"2022-09-11 06:12:58",0.51
9130970,"Shudong Lu (HS Intern)","2022-09-09 13:18:24",0.51
9134098,"Smith Bill","2022-09-11 11:16:20",0.51
9090318,chris,"2022-09-25 20:18:03",0.51
9145828,"Doğuş KIDIK","2022-09-26 16:24:07",0.51
9222724,kavani,"2022-10-03 05:09:22",0.51
9151345,"MG team 2","2022-10-04 09:07:03",0.51
9104241,"Aleksey Babenkov","2022-09-06 13:05:50",0.51
9122869,"Manjesh Gupta","2022-09-23 14:48:43",0.51
9225421,"Samarth Prakash","2022-10-05 10:24:17",0.51
9108890,"Christopher Seymour","2022-09-08 01:06:25",0.51
9117791,"Behzad Aslani Avilaq","2022-09-13 14:33:39",0.51
9130321,Cubic3,"2022-09-22 06:27:45",0.51
9108783,FooQoo,"2022-09-04 02:06:00",0.51
9107522,"Jia Ping Chu","2022-09-07 13:47:18",0.51
9114367,QDDSE,"2022-09-06 18:17:22",0.51
9117525,hikay1,"2022-09-07 01:53:21",0.51
9092796,"Lê Huỳnh Đức","2022-09-07 03:45:58",0.51
9113761,"Daniil Khvesiuk","2022-09-08 11:16:21",0.51
9150337,"Ka Yu Chan","2022-09-14 07:37:38",0.51
9100851,"adhit tio","2022-09-01 22:27:55",0.51
9156030,dilthoms,"2022-10-07 10:08:26",0.52
9094768,MSAlam,"2022-09-12 07:00:00",0.52
9140109,kai777,"2022-09-13 06:27:38",0.52
9152390,Teddy_55,"2022-09-14 14:12:26",0.52
9113999,a64tray,"2022-09-18 16:54:27",0.52
9190676,"Fan Zhihao999","2022-09-23 15:40:31",0.52
9180639,NonoFish,"2022-09-24 03:48:50",0.52
9119200,"Lee Sangho","2022-09-25 13:24:40",0.52
9184803,"Naveen Sundaresan","2022-09-27 07:15:04",0.52
9189695,"Anusha Garlapati","2022-09-29 05:03:18",0.52
9182103,RobertoR,"2022-09-22 01:44:38",0.52
9213302,"Dr. Alvinleenh","2022-10-01 11:38:18",0.52
9163894,"Zeheng Bai","2022-09-19 17:47:23",0.52
9096670,Darryl,"2022-10-07 02:42:38",0.52
9092205,I__Noah,"2022-09-06 08:37:27",0.52
9230482,抱紧洋哥大腿,"2022-10-07 12:53:24",0.52
9139384,"Daniel Mora M.","2022-09-29 20:37:57",0.52
9179582,"Francesc Oliveras","2022-09-27 20:07:22",0.52
9101760,"Ore Adeniyi","2022-09-08 04:46:43",0.52
9193818,"Samrat Thapa","2022-09-26 06:27:11",0.52
9093569,"Mehdi Pedram","2022-09-21 21:40:02",0.52
9109042,"Mahmud Hasan Munna","2022-09-12 08:49:48",0.52
9105756,AnurichIMP,"2022-09-16 08:25:47",0.52
9164639,"[Deleted] 2b9ba6af-2983-458e-8843-71f3855e1965","2022-09-24 11:33:26",0.52
9099665,royn5618,"2022-09-17 22:44:59",0.52
9219469,skiyuki,"2022-10-04 19:26:49",0.52
9096948,"Mohd Muttalib","2022-09-01 05:37:47",0.52
9205666,vishnu6363,"2022-09-30 03:24:05",0.52
9170724,falenok,"2022-09-20 09:31:10",0.52
9187090,"Lil dude","2022-09-26 23:08:30",0.52
9112435,xClimber,"2022-09-14 04:03:43",0.52
9140154,MoonSpawn,"2022-09-24 06:01:09",0.52
9188389,"star ant","2022-10-06 10:30:09",0.52
9198241,Aiside,"2022-09-27 20:31:19",0.52
9194838,"Santosh Vaidya","2022-09-29 19:58:46",0.52
9108518,"PRASHANT SHUKLA91","2022-10-02 23:11:25",0.52
9108938,mohamedtamer655,"2022-10-05 16:45:56",0.52
9122680,"Maksym Shkliarevskyi","2022-09-08 08:11:31",0.52
9123994,"Dennis Amdi Skov Isaksen","2022-10-07 16:23:47",0.52
9118146,gshchen,"2022-09-08 15:03:20",0.53
9113057,bugrabalkac,"2022-09-05 08:39:21",0.53
9218198,"Xiang Zhang","2022-10-05 08:28:53",0.53
9121180,"Fumihiro Bessho","2022-10-08 10:58:40",0.53
9230580,KID141X,"2022-10-05 06:36:25",0.53
9108942,"Ameer Hamza","2022-09-06 02:48:58",0.53
9131395,"Robert Tacbad","2022-09-21 10:52:16",0.53
9104733,"Jasley Moloto","2022-09-04 13:42:03",0.53
9157471,itisnarayan43,"2022-10-02 08:21:50",0.53
9117875,mrdemr,"2022-09-08 12:50:27",0.53
9237467,Manikanta,"2022-10-08 00:56:11",0.53
9217557,"Sandeep Aashish","2022-10-01 08:55:38",0.53
9103444,uenotomoki,"2022-09-07 10:53:22",0.53
9090972,Ashok,"2022-09-23 19:13:36",0.53
9148816,Sjain,"2022-09-17 12:08:10",0.53
9106638,Catadanna,"2022-09-30 14:36:04",0.53
9167247,"Anna ","2022-09-18 15:16:40",0.53
9107039,Riju,"2022-09-10 06:28:19",0.53
9158197,"aanya khan","2022-09-15 20:17:27",0.53
9155325,"Daniel Preciado","2022-09-18 09:03:17",0.53
9224299,"David Cairuz","2022-10-04 07:27:53",0.53
9121307,"Atwin Paramudya","2022-09-16 20:43:11",0.53
9162257,"Ryan Lu","2022-09-16 23:10:05",0.53
9162363,KosukeKitahara,"2022-09-17 03:30:11",0.53
9095956,Gonzalo,"2022-09-26 02:39:31",0.53
9145676,insack,"2022-09-29 10:26:30",0.53
9174123,aaron_ramsey,"2022-09-27 12:41:15",0.53
9167205,"LAHOUCINE BOUSMENE","2022-10-04 18:02:30",0.53
9187892,"Birdy Luo","2022-09-23 05:20:33",0.53
9218095,atk9998,"2022-10-04 13:42:21",0.53
9233641,"Do Manh Hai","2022-10-05 09:37:38",0.53
9093795,Victor,"2022-09-04 06:33:13",0.53
9100112,"Prashant Kumar","2022-09-26 16:33:53",0.53
9094177,"Gabriel Figueiro","2022-10-08 01:48:57",0.53
9204318,MatthewTsoi,"2022-09-29 04:16:13",0.53
9161963,"Stanislau Fink","2022-09-26 21:11:29",0.53
9094467,"Sylvia C","2022-09-10 02:36:40",0.53
9128147,hkono,"2022-09-22 09:14:55",0.54
9164703,"Cross Validation","2022-08-31 16:44:00",0.54
9092899,"Data ninja","2022-09-27 18:50:46",0.54
9147109,"Wouter Mostard","2022-09-14 09:02:48",0.54
9141682,YassY.The.AlchemYst,"2022-09-25 17:18:39",0.54
9250695,data_flâneur,"2022-10-07 16:18:15",0.54
9158380,"Ian Chu Te","2022-09-29 18:27:05",0.54
9242347,Paddington,"2022-10-05 05:06:05",0.54
9160964,"Jia Li","2022-09-16 15:00:05",0.54
9098285,MaXXX,"2022-09-01 22:29:01",0.54
9105103,"Mauricio Maroto","2022-09-15 06:18:41",0.54
9116319,"Matt St.Hilaire","2022-09-18 20:24:15",0.54
9175579,"guillaume bernard","2022-09-21 13:01:22",0.54
9109438,"UrchinMJ116 Rong","2022-09-05 01:30:48",0.54
9203312,"Ritam Chattopadhyay","2022-10-01 06:32:12",0.54
9181360,Tao,"2022-09-22 01:56:48",0.54
9094170,"Trelawny Gibson","2022-09-01 15:06:37",0.54
9111444,"Christoph Scheyk","2022-09-05 08:52:15",0.54
9141700,trip_nv,"2022-09-15 05:08:59",0.54
9237836,xushiting,"2022-10-06 09:14:51",0.54
9145238,"Saju T R","2022-09-17 07:15:07",0.54
9090910,"Takfarines Guergueb","2022-09-20 04:57:43",0.54
9223008,"Deepak Agarwal","2022-09-30 14:29:59",0.54
9094460,Andrewcap,"2022-09-01 18:31:13",0.54
9096797,"Paolo Antonuccio","2022-09-26 17:53:06",0.54
9161408,JoshBhagatSmith,"2022-09-16 18:30:39",0.54
9181658,"Paul Owoicho","2022-10-02 23:52:10",0.54
9097555,"John Pap","2022-09-20 13:02:05",0.54
9213550,"Tracy Porter","2022-09-29 07:55:32",0.54
9162175,"Dana Kim","2022-10-07 14:50:49",0.54
9103848,"Oleksandr Rechynskyi","2022-09-06 12:29:23",0.55
9133864,Yudduy,"2022-09-21 22:14:11",0.55
9208467,nlp_team,"2022-10-02 18:08:33",0.55
9122367,"Scott Lupton","2022-09-18 17:27:53",0.55
9171145,"Vipin Koul","2022-10-03 08:26:38",0.55
9129337,"Peter G Beidler","2022-09-09 19:54:58",0.55
9259319,utm529f,"2022-10-08 11:13:00",0.55
9143556,"Wenjia Zhu","2022-09-24 15:36:55",0.55
9235682,Pavan@486,"2022-10-07 07:11:29",0.55
9216624,DiegosMC,"2022-10-04 20:12:11",0.55
9187850,Hari,"2022-10-03 02:26:32",0.55
9158687,"Andrew Chan","2022-09-30 15:40:55",0.55
9215510,Doron,"2022-09-29 02:07:24",0.55
9180818,"Agamjyot Chadha","2022-09-21 18:06:07",0.55
9198780,"adriel cabral","2022-10-04 14:18:58",0.55
9110702,"Zaky Syihan","2022-09-06 15:49:13",0.55
9169370,gosh76,"2022-09-20 06:50:02",0.55
9138497,djagatiya,"2022-10-08 10:10:42",0.55
9094863,"André Leite","2022-10-04 10:22:43",0.55
9197604,proficiency,"2022-09-25 12:58:28",0.55
9208879,"Nicola Fanelli","2022-10-03 15:14:30",0.55
9125911,szd1234,"2022-10-07 02:07:36",0.55
9219271,"Jason G Sloan","2022-10-01 05:00:53",0.55
9224082,Valiant,"2022-10-02 21:05:08",0.55
9166732,Milkyio,"2022-09-18 12:05:23",0.55
9096471,"Carlos Quixadá","2022-09-12 23:49:48",0.55
9093089,"Akbar Hasan Khatami","2022-09-15 09:37:26",0.55
9111527,"Paolo Rechia","2022-10-08 08:00:10",0.55
9204167,"Jim Gruman","2022-10-06 01:04:03",0.56
9129143,"Harsh Saini","2022-09-12 23:25:22",0.56
9195337,chmtomasz,"2022-10-05 20:51:34",0.56
9095519,paddypaust,"2022-08-31 21:41:48",0.56
9126577,yuri-ao,"2022-10-08 07:11:18",0.56
9127126,o3,"2022-09-21 14:57:06",0.56
9160112,naren12088,"2022-09-20 08:41:17",0.56
9167389,Ben123123,"2022-09-19 14:21:47",0.56
9108109,kdekto,"2022-09-15 18:20:26",0.56
9099245,"YUN-YAO LIN","2022-09-04 08:30:57",0.56
9142672,"Chirag Patil","2022-09-12 17:54:29",0.56
9218384,hharrati,"2022-10-06 21:48:48",0.56
9105781,HZSEP,"2022-09-16 08:53:11",0.56
9105070,"SUSHMA Suresh_ Babu","2022-09-15 21:52:16",0.56
9251122,piyush,"2022-10-08 06:38:58",0.56
9138033,Beginners,"2022-10-02 12:11:11",0.56
9159386,"shiding zeng","2022-10-04 12:27:22",0.57
9184706,"Abhishek Mamdapure","2022-10-07 03:29:59",0.57
9171649,"Ritesh Sinha","2022-09-27 01:23:31",0.57
9208194,"Fatma Sultan Teke","2022-09-27 14:05:11",0.57
9119449,goritk,"2022-09-30 15:22:58",0.57
9101357,LKM,"2022-09-02 11:01:49",0.57
9103814,sadanamaru,"2022-09-02 14:51:04",0.57
9096248,"Chia-Ta Tsai","2022-09-20 12:52:20",0.57
9246630,"Virgile Bevenot","2022-10-08 10:57:10",0.57
9153167,"Geeky Blinders","2022-09-26 17:21:58",0.57
9109130,kakt,"2022-09-23 11:22:53",0.57
9184101,"Toprak Ucar","2022-09-28 12:38:37",0.57
9247684,"Prajit T R","2022-10-08 01:26:37",0.57
9123991,Jac0b123,"2022-09-25 15:19:51",0.57
9231025,"Ritesh Prasad Singh","2022-10-07 07:51:33",0.57
9250606,namwoong,"2022-10-06 14:55:47",0.57
9123615,wow333,"2022-09-09 06:58:53",0.57
9091134,"Daniil Larionov","2022-08-31 03:20:33",0.58
9119454,Kaushal,"2022-09-18 14:08:03",0.58
9148570,"Dylan Zammit","2022-09-21 19:00:58",0.58
9117939,"Shreyas Daniel Gaddam","2022-09-24 07:22:46",0.58
9256067,"Vishal Garg","2022-10-07 22:39:34",0.58
9113035,Bìnhhh,"2022-09-08 05:39:03",0.58
9122232,"Aliaksei Sharmanau","2022-10-07 21:29:34",0.58
9146818,"Levente Palmai","2022-09-15 18:15:40",0.58
9137966,Qrtex,"2022-09-15 07:54:00",0.58
9115272,AM,"2022-09-27 17:47:34",0.58
9095415,"Akorede Adewole","2022-09-03 20:19:55",0.58
9116216,Essayntial,"2022-09-08 01:57:34",0.59
9220714,"Akash verma","2022-10-08 08:21:23",0.59
9109018,osakanachan,"2022-09-16 17:17:50",0.59
9107853,LittleHackers,"2022-09-07 17:23:32",0.59
9091125,"Jeremy Thompson","2022-09-09 17:00:49",0.59
9255015,"Akshit Bhalla","2022-10-07 19:32:26",0.59
9165679,Canwar,"2022-09-21 17:11:35",0.59
9249298,shujunge,"2022-10-06 08:57:31",0.60
9227203,Kirillka95,"2022-10-03 18:28:44",0.60
9219378,"Alessandro Gianfelici","2022-10-01 14:38:21",0.60
9112200,"Anika Zolman-Nacey","2022-09-30 19:32:54",0.60
9162682,"Sahil Bharodiya","2022-09-17 11:32:06",0.60
9196989,Vincent,"2022-10-04 14:27:05",0.60
9156716,tr,"2022-09-15 15:54:15",0.60
9143204,"Alex Li","2022-09-13 21:08:28",0.60
9190582,"Debjyoti Mondal","2022-09-24 04:03:04",0.60
9204252,"Alexander James","2022-09-30 03:19:51",0.60
9136306,minhtai.pn,"2022-09-29 08:21:57",0.60
9094044,HechtJP,"2022-09-17 14:14:28",0.61
9138604,"Hayri Latif","2022-09-20 17:29:45",0.61
9091965,lenamdn,"2022-09-08 07:51:50",0.61
9212877,Sw241395,"2022-10-08 12:00:21",0.61
9101392,Jinbao,"2022-09-08 06:55:17",0.61
9128162,"Infinity Matrix","2022-09-22 13:31:14",0.61
9099055,"Sudharshan N","2022-09-21 06:21:32",0.61
9141616,liuyanfeng,"2022-10-01 22:59:47",0.61
9254594,"Shiva Sh","2022-10-08 07:54:03",0.61
9126490,"Jagdish Ram","2022-09-08 08:11:04",0.61
9105594,Vishy,"2022-09-14 01:02:52",0.61
9152394,park,"2022-09-14 13:22:40",0.61
9181155,"Byron Kilbourne","2022-09-21 19:09:36",0.61
9194511,pavel,"2022-09-24 18:16:49",0.61
9201957,"Enrico Lohmann","2022-09-26 13:26:31",0.61
9217285,imnotapro,"2022-10-01 17:18:21",0.61
9252827,"Rishav Raj","2022-10-07 03:57:34",0.61
9154997,"Kunhua Wu","2022-09-15 05:32:42",0.61
9254857,"drowning in data","2022-10-07 09:48:12",0.61
9127805,"0^0 should be an emoji","2022-09-20 16:26:36",0.61
9201162,"Jack Sparrow","2022-10-08 10:10:44",0.62
9222019,"Quang Linh Trần","2022-10-01 04:36:41",0.62
9127745,"Maximiliano Alarcon","2022-09-17 20:44:06",0.62
9210865,橘Oran,"2022-09-29 09:17:38",0.62
9239150,yupeiwong,"2022-10-05 01:39:46",0.62
9128901,"Edoardo Bianchi","2022-09-15 15:35:58",0.62
9186507,"Shuyin Ouyang","2022-09-23 09:46:53",0.62
9111536,"EMİRHAN BULUT","2022-10-07 09:41:17",0.62
9118410,"Clément DECAUX","2022-09-06 23:55:57",0.62
9174585,"Theodoros Psarras","2022-10-08 07:45:23",0.63
9090997,sample_submission.csv,"2022-08-30 21:44:20",0.63
9091350,"Naruhiko Nakanishi","2022-08-31 00:55:34",0.63
9097313,"Alessio Peluso","2022-09-01 09:18:25",0.63
9121682,"Manjusha Sanker","2022-09-07 06:38:15",0.63
9092812,FilipBolt,"2022-09-07 15:43:32",0.63
9107720,"Pier Paolo Tarasco","2022-09-07 15:54:36",0.63
9124658,"Arthur Kim","2022-09-07 17:53:30",0.63
9140915,"Barun Kumar","2022-09-30 11:08:33",0.63
9115008,Toni,"2022-09-14 15:04:35",0.63
9153698,NitinKshatriya,"2022-09-14 19:34:25",0.63
9114462,"Вицин, Моргунов и Никулин","2022-09-29 15:10:27",0.63
9131466,"TaeJin Kim","2022-10-01 11:11:29",0.63
9167834,pankratozzi,"2022-09-18 22:25:13",0.63
9170648,"sadiva madaan","2022-09-19 12:07:33",0.63
9118505,"Adam Bartlett","2022-09-19 21:00:50",0.63
9164599,"Riccardo Ceccaroni","2022-10-02 08:41:42",0.63
9104856,Alberto,"2022-09-23 09:45:08",0.63
9186781,tomy4reel,"2022-09-23 11:31:13",0.63
9165692,disponat,"2022-09-24 00:29:54",0.63
9106262,"Priyanka Gupta","2022-09-24 12:30:34",0.63
9098533,"Prathamesh Sawant","2022-09-26 05:00:04",0.63
9235199,haseryooooo,"2022-10-03 14:36:17",0.63
9251739,a1433223,"2022-10-06 16:43:17",0.63
9257641,ma_si_620,"2022-10-08 02:39:42",0.63
9168402,Zollkron,"2022-09-20 14:21:05",0.63
9174100,"magdi El-Sharkawy","2022-10-07 22:06:47",0.63
9137180,"Alex Lungu","2022-09-15 08:14:21",0.64
9107048,"Manish Wahale","2022-09-07 02:55:40",0.64
9109968,"Abo Sol","2022-09-04 12:49:02",0.65
9110295,AetelFinch,"2022-09-05 09:22:28",0.65
9090820,"Art Vandelay","2022-10-03 11:14:24",0.66
9195127,"Shelbe Yousey","2022-09-28 09:21:08",0.66
9215243,"Shane Feng","2022-10-06 11:53:30",0.66
9103411,"Khondamir Rustamov","2022-09-02 14:33:04",0.68
9162012,"Anurag Kumar Mishra","2022-09-23 09:14:32",0.69
9113655,"Apu Das","2022-09-07 15:55:33",0.70
9217835,"kuo arnold","2022-09-29 11:57:18",0.70
9134235,"Anh Vo","2022-09-12 04:33:10",0.71
9091658,"Pedro Donoso","2022-09-06 04:33:42",0.72
9109618,"Vitalii Minaev","2022-09-04 09:06:04",0.72
9147330,Emmanuel,"2022-09-13 20:24:25",0.72
9164359,"Marcus McCurdy","2022-09-20 15:01:59",0.73
9226853,"Trace Miracle","2022-10-06 09:16:51",0.76
9176992,"Ryan Harvey","2022-09-28 21:23:53",0.77
9251442,"Venkata Saran Somisetty","2022-10-08 11:31:47",0.77
9165175,ttya16,"2022-10-05 03:52:16",0.78
9139900,"Cristian Bran","2022-09-12 06:12:01",0.81
9234386,Saftophobia,"2022-10-06 16:16:15",0.82
9195092,"Anand Tyagi","2022-09-25 23:21:35",0.86
9136174,N1ckQt,"2022-09-14 03:23:13",0.89
9134363,"Matthaios Letsios","2022-09-11 11:12:14",0.93
9105739,hng_Geoffery,"2022-10-07 13:40:44",1.18
9090888,"omar elnahas","2022-09-01 10:06:08",1.21
9161455,hannesfo,"2022-09-20 20:06:06",1.26
9105858,"Kurian Benoy","2022-09-04 08:29:05",1.26
9110317,"Subhankar Halder","2022-09-15 09:13:40",1.29
9205231,"S. Koushik ","2022-09-27 10:13:03",1.38
9140793,"Chien Nguyen Dev","2022-09-28 14:55:44",1.38
9096745,EbaraKoji,"2022-09-25 15:37:11",1.44
9150236,"Revathy Kothandaraman","2022-10-02 06:11:48",1.47
9252561,"Arno Moonens","2022-10-07 21:41:01",1.67
9257213,zzong2006,"2022-10-07 20:43:05",1.89
9231219,"Mikel Aldea","2022-10-02 16:21:22",1.90
9127381,"AJAY TIWARI","2022-09-09 08:24:19",2.19
9158287,"Siddhant Bhagat","2022-09-20 19:34:47",2.72
9184621,Somesh88,"2022-10-07 18:37:42",2.91
9105992,johan,"2022-09-07 16:18:03",3.00
9100374,Tian-Chen-12,"2022-09-01 22:26:38",3.00
